ID	pval	padj	log2FC	baseMean	logPval
C00490	8.83299961046411e-34	1.56785743085738e-31	3.11682	17.0747128205128	-109.802651778301
C01732	8.83299961046411e-34	1.56785743085738e-31	3.11682	17.0747128205128	-109.802651778301
C02214	8.83299961046411e-34	1.56785743085738e-31	3.11682	17.0747128205128	-109.802651778301
C02226	8.83299961046411e-34	1.56785743085738e-31	3.11682	17.0747128205128	-109.802651778301
C00741	5.92712833899837e-31	6.01180160098406e-29	2.50968	16.0052487179487	-100.412437645259
C01770	5.92712833899837e-31	6.01180160098406e-29	2.50968	16.0052487179487	-100.412437645259
C01771	5.92712833899837e-31	6.01180160098406e-29	2.50968	16.0052487179487	-100.412437645259
C07329	9.25964374521351e-25	8.21793382387699e-23	1.80138	12.5514179487179	-79.8372456837634
C00385	1.52629881880762e-20	1.08367216135341e-18	2.24993999999999	14.4046692307692	-65.8285244570635
C07599	1.52629881880762e-20	1.08367216135341e-18	2.24993999999999	14.4046692307692	-65.8285244570635
C01620	2.67335390099527e-19	1.72552842700604e-17	1.71432	15.5304282051282	-61.6979829673685
C00074	3.16212490322783e-19	1.87092390107647e-17	1.41142	12.8276641025641	-61.455739447906
C00366	5.24331659279865e-19	2.86365752375926e-17	-1.39594000000001	15.7708769230769	-60.7261541440796
C05528	2.12881534724701e-17	1.07961349753241e-15	2.14532	12.8634358974359	-55.3827267967681
C00346	4.23717034694346e-15	2.0055939642199e-13	0.651019999999999	17.2056897435897	-47.7458202927794
C00345	2.87953197341486e-13	1.17544097847629e-11	-1.22814	13.1825692307692	-41.659230892182
C02360	2.97999121303847e-13	1.17544097847629e-11	0.695440000000003	13.6160564102564	-41.6097571568498
C03761	2.97999121303847e-13	1.17544097847629e-11	0.695440000000003	13.6160564102564	-41.6097571568498
C00049	4.38760671514591e-13	1.48342893702552e-11	0.735439999999997	16.4252846153846	-41.0516310185369
C00402	4.38760671514591e-13	1.48342893702552e-11	0.735439999999997	16.4252846153846	-41.0516310185369
C19911	4.38760671514591e-13	1.48342893702552e-11	0.735439999999997	16.4252846153846	-41.0516310185369
C00111	6.60360254334681e-13	2.03850339381575e-11	0.653419999999999	15.2340076923077	-40.4618119433872
C00661	6.60360254334681e-13	2.03850339381575e-11	0.653419999999999	15.2340076923077	-40.4618119433872
C00029	2.18218300011154e-12	6.19739972031677e-11	-1.07576	13.4487435897436	-38.7373650460231
C00052	2.18218300011154e-12	6.19739972031677e-11	-1.07576	13.4487435897436	-38.7373650460231
C00627	3.8781864060383e-12	9.83397267245426e-11	0.936319999999998	10.9323153846154	-37.9077549900247
C19909	3.8781864060383e-12	9.83397267245426e-11	-0.577920000000006	16.2814051282051	-37.9077549900247
C19910	3.8781864060383e-12	9.83397267245426e-11	-0.577920000000006	16.2814051282051	-37.9077549900247
C00236	2.20731310667791e-11	5.18577048230299e-10	1.51774	9.70391282051282	-35.3989177537846
C01159	2.20731310667791e-11	5.18577048230299e-10	1.51774	9.70391282051282	-35.3989177537846
C00105	2.41028768895773e-11	5.18577048230299e-10	-0.824260000000006	16.5078307692308	-35.2720036887324
C01168	2.41028768895773e-11	5.18577048230299e-10	-0.824260000000006	16.5078307692308	-35.2720036887324
C03031	2.41028768895773e-11	5.18577048230299e-10	-0.824260000000006	16.5078307692308	-35.2720036887324
C00417	4.16818859784737e-11	8.22059417908787e-10	1.03466	14.2934615384615	-34.4817884871082
C00425	4.16818859784737e-11	8.22059417908787e-10	1.03466	14.2934615384615	-34.4817884871082
C02341	4.16818859784737e-11	8.22059417908787e-10	1.03466	14.2934615384615	-34.4817884871082
C12630	5.14516834009991e-11	9.87316086884037e-10	-1.86136	9.90180512820513	-34.177990763638
C00025	1.20783006610676e-10	2.04180796889476e-09	-0.549039999999998	19.7019692307692	-32.9468634578122
C00217	1.20783006610676e-10	2.04180796889476e-09	-0.549039999999998	19.7019692307692	-32.9468634578122
C00979	1.20783006610676e-10	2.04180796889476e-09	-0.549039999999998	19.7019692307692	-32.9468634578122
C05938	1.20783006610676e-10	2.04180796889476e-09	-0.549039999999998	19.7019692307692	-32.9468634578122
C12269	1.20783006610676e-10	2.04180796889476e-09	-0.549039999999998	19.7019692307692	-32.9468634578122
C00026	1.54088466764546e-10	2.14515316476133e-09	0.943420000000001	11.9811820512821	-32.5955220660234
C00334	1.54088466764546e-10	2.14515316476133e-09	-0.510299999999997	16.3709820512821	-32.5955220660234
C01026	1.54088466764546e-10	2.14515316476133e-09	-0.510299999999997	16.3709820512821	-32.5955220660234
C01205	1.54088466764546e-10	2.14515316476133e-09	-0.510299999999997	16.3709820512821	-32.5955220660234
C02261	1.54088466764546e-10	2.14515316476133e-09	-0.510299999999997	16.3709820512821	-32.5955220660234
C02356	1.54088466764546e-10	2.14515316476133e-09	-0.510299999999997	16.3709820512821	-32.5955220660234
C03284	1.54088466764546e-10	2.14515316476133e-09	-0.510299999999997	16.3709820512821	-32.5955220660234
C03665	1.54088466764546e-10	2.14515316476133e-09	-0.510299999999997	16.3709820512821	-32.5955220660234
C05145	1.54088466764546e-10	2.14515316476133e-09	-0.510299999999997	16.3709820512821	-32.5955220660234
C00489	2.16269569338742e-10	2.79184353146376e-09	-0.393079999999994	14.6368948717949	-32.1064502667111
C00900	2.16269569338742e-10	2.79184353146376e-09	-0.393079999999994	14.6368948717949	-32.1064502667111
C06010	2.16269569338742e-10	2.79184353146376e-09	-0.393079999999994	14.6368948717949	-32.1064502667111
C08645	2.16269569338742e-10	2.79184353146376e-09	-0.393079999999994	14.6368948717949	-32.1064502667111
C01151	7.90548746063292e-10	1.0023028744731e-08	0.796959999999997	11.1790102564103	-30.2364265254607
C00158	1.53085490994101e-09	1.8115116434302e-08	2.0965	17.3738897435897	-29.2830152991875
C00311	1.53085490994101e-09	1.8115116434302e-08	2.0965	17.3738897435897	-29.2830152991875
C00451	1.53085490994101e-09	1.8115116434302e-08	2.0965	17.3738897435897	-29.2830152991875
C04575	1.53085490994101e-09	1.8115116434302e-08	2.0965	17.3738897435897	-29.2830152991875
C01571	1.85268521557786e-09	2.15640410337751e-08	1.54842	12.2364307692308	-29.0077350759687
C00281	4.0520068965243e-09	4.64020144601976e-08	0.514840000000005	14.1321717948718	-27.8787162243751
C00670	2.9783948912175e-08	3.35660376629274e-07	0.697839999999996	19.0041205128205	-25.0008897124213
C00881	3.89865860354161e-08	4.32507438830397e-07	0.49512	13.1176	-24.6124469322787
C07325	7.15154067978578e-08	7.81168289638139e-07	-0.409559999999999	11.6809076923077	-23.7371706792157
C05695	8.65314173901497e-08	9.30868277984944e-07	0.790859999999999	11.5447897435897	-23.4622007248044
C00299	1.20204281547253e-07	1.25507411615514e-06	-1.04458000000001	14.9404794871795	-22.9880083800012
C02067	1.20204281547253e-07	1.25507411615514e-06	-1.04458000000001	14.9404794871795	-22.9880083800012
C00170	1.39417831434556e-07	1.43458927997876e-06	0.764120000000005	15.3417179487179	-22.7740815716063
C15025	1.63190794077578e-07	1.54465793797974e-06	-0.50742	17.2312512820513	-22.5469369899489
C00940	1.83946282401032e-07	1.54465793797974e-06	-0.616059999999999	10.8871743589744	-22.3742121448226
C00959	1.84923837645462e-07	1.54465793797974e-06	-0.595020000000005	12.4689358974359	-22.3665654565801
C02165	1.84923837645462e-07	1.54465793797974e-06	-0.595020000000005	12.4689358974359	-22.3665654565801
C04685	1.84923837645462e-07	1.54465793797974e-06	-0.595020000000005	12.4689358974359	-22.3665654565801
C04853	1.84923837645462e-07	1.54465793797974e-06	-0.595020000000005	12.4689358974359	-22.3665654565801
C05356	1.84923837645462e-07	1.54465793797974e-06	-0.595020000000005	12.4689358974359	-22.3665654565801
C05965	1.84923837645462e-07	1.54465793797974e-06	-0.595020000000005	12.4689358974359	-22.3665654565801
C05966	1.84923837645462e-07	1.54465793797974e-06	-0.595020000000005	12.4689358974359	-22.3665654565801
C14781	1.84923837645462e-07	1.54465793797974e-06	-0.595020000000005	12.4689358974359	-22.3665654565801
C14808	1.84923837645462e-07	1.54465793797974e-06	-0.595020000000005	12.4689358974359	-22.3665654565801
C14810	1.84923837645462e-07	1.54465793797974e-06	-0.595020000000005	12.4689358974359	-22.3665654565801
C14812	1.84923837645462e-07	1.54465793797974e-06	-0.595020000000005	12.4689358974359	-22.3665654565801
C14813	1.84923837645462e-07	1.54465793797974e-06	-0.595020000000005	12.4689358974359	-22.3665654565801
C14820	1.84923837645462e-07	1.54465793797974e-06	-0.595020000000005	12.4689358974359	-22.3665654565801
C14823	1.84923837645462e-07	1.54465793797974e-06	-0.595020000000005	12.4689358974359	-22.3665654565801
C00757	2.22226478201995e-07	1.83466045957461e-06	-0.856479999999999	12.2197666666667	-22.101465940667
C05379	3.30652619197447e-07	2.69842942103664e-06	-0.544639999999998	13.9774282051282	-21.5281803345766
C00519	2.62672668058287e-06	2.11929084456118e-05	0.4414	14.0814025641026	-18.5383024781339
C00365	6.53465749207594e-06	5.21304137008305e-05	0.462400000000001	12.5725102564103	-17.223456948825
C02305	1.17024376925029e-05	9.23192306853007e-05	-0.464739999999999	12.4639846153846	-16.3828313907334
C04230	1.72686812244753e-05	0.000134733666696456	0.506900000000002	13.8937564102564	-15.8214825631714
C00041	1.85523000622381e-05	0.000138654032044095	-0.324979999999996	14.5178307692308	-15.7180424152091
C00099	1.85523000622381e-05	0.000138654032044095	-0.324979999999996	14.5178307692308	-15.7180424152091
C00133	1.85523000622381e-05	0.000138654032044095	-0.324979999999996	14.5178307692308	-15.7180424152091
C00213	1.85523000622381e-05	0.000138654032044095	-0.324979999999996	14.5178307692308	-15.7180424152091
C05640	1.94689760349298e-05	0.000143989301925002	0.346260000000003	12.1867230769231	-15.6484634665048
C15559	3.79745923505799e-05	0.000277958356380533	-0.590959999999999	10.5841871794872	-14.6846059966602
C01185	0.000102374465621396	0.000741692557052971	-0.445259999999999	12.9791666666667	-13.2538564583046
C00085	0.000151309384540699	0.000902770277511734	0.384120000000003	17.0055871794872	-12.6902109101015
C00092	0.000151309384540699	0.000902770277511734	0.384120000000003	17.0055871794872	-12.6902109101015
C00103	0.000151309384540699	0.000902770277511734	0.384120000000003	17.0055871794872	-12.6902109101015
C00140	0.000151309384540699	0.000902770277511734	-0.289220000000002	11.7074641025641	-12.6902109101015
C00275	0.000151309384540699	0.000902770277511734	0.384120000000003	17.0055871794872	-12.6902109101015
C00446	0.000151309384540699	0.000902770277511734	0.384120000000003	17.0055871794872	-12.6902109101015
C00636	0.000151309384540699	0.000902770277511734	0.384120000000003	17.0055871794872	-12.6902109101015
C00645	0.000151309384540699	0.000902770277511734	-0.289220000000002	11.7074641025641	-12.6902109101015
C01074	0.000151309384540699	0.000902770277511734	-0.289220000000002	11.7074641025641	-12.6902109101015
C01094	0.000151309384540699	0.000902770277511734	0.384120000000003	17.0055871794872	-12.6902109101015
C01097	0.000151309384540699	0.000902770277511734	0.384120000000003	17.0055871794872	-12.6902109101015
C01172	0.000151309384540699	0.000902770277511734	0.384120000000003	17.0055871794872	-12.6902109101015
C01177	0.000151309384540699	0.000902770277511734	0.384120000000003	17.0055871794872	-12.6902109101015
C02888	0.000151309384540699	0.000902770277511734	0.384120000000003	17.0055871794872	-12.6902109101015
C03267	0.000151309384540699	0.000902770277511734	0.384120000000003	17.0055871794872	-12.6902109101015
C03546	0.000151309384540699	0.000902770277511734	0.384120000000003	17.0055871794872	-12.6902109101015
C03862	0.000151309384540699	0.000902770277511734	0.384120000000003	17.0055871794872	-12.6902109101015
C03878	0.000151309384540699	0.000902770277511734	-0.289220000000002	11.7074641025641	-12.6902109101015
C04006	0.000151309384540699	0.000902770277511734	0.384120000000003	17.0055871794872	-12.6902109101015
C05021	0.000151309384540699	0.000902770277511734	-0.289220000000002	11.7074641025641	-12.6902109101015
C05345	0.000151309384540699	0.000902770277511734	0.384120000000003	17.0055871794872	-12.6902109101015
C01233	0.000177113265712485	0.00104792015546554	-0.297740000000001	15.2636923076923	-12.4630401061334
C00184	0.000223322922682591	0.00126847420083712	0.574140000000002	13.144358974359	-12.1285810372865
C00186	0.000223322922682591	0.00126847420083712	0.574140000000002	13.144358974359	-12.1285810372865
C00256	0.000223322922682591	0.00126847420083712	0.574140000000002	13.144358974359	-12.1285810372865
C01013	0.000223322922682591	0.00126847420083712	0.574140000000002	13.144358974359	-12.1285810372865
C02154	0.000223322922682591	0.00126847420083712	0.574140000000002	13.144358974359	-12.1285810372865
C04741	0.000234664491539623	0.00129156425576072	-0.301780000000003	12.3774	-12.0571128238209
C05956	0.000234664491539623	0.00129156425576072	-0.301780000000003	12.3774	-12.0571128238209
C05962	0.000234664491539623	0.00129156425576072	-0.301780000000003	12.3774	-12.0571128238209
C05964	0.000234664491539623	0.00129156425576072	-0.301780000000003	12.3774	-12.0571128238209
C02373	0.000282869523989247	0.00153310963383485	-0.267579999999995	11.6971512820513	-11.7875756286124
C19263	0.000282869523989247	0.00153310963383485	-0.267579999999995	11.6971512820513	-11.7875756286124
C00077	0.00037645008484634	0.00197984859437705	0.341979999999996	17.971058974359	-11.3752537951799
C00441	0.00037645008484634	0.00197984859437705	-0.30702	11.7163025641026	-11.3752537951799
C00515	0.00037645008484634	0.00197984859437705	0.341979999999996	17.971058974359	-11.3752537951799
C03508	0.00037645008484634	0.00197984859437705	-0.30702	11.7163025641026	-11.3752537951799
C05118	0.00041981211095866	0.00217566860423831	-0.262919999999994	12.2541871794872	-11.2179685927003
C05119	0.00041981211095866	0.00217566860423831	-0.262919999999994	12.2541871794872	-11.2179685927003
C01595	0.000436316031358598	0.00222866462060867	0.425879999999999	13.1492666666667	-11.162338896583
C04056	0.000436316031358598	0.00222866462060867	0.425879999999999	13.1492666666667	-11.162338896583
C00475	0.000507281138260719	0.00257177300399051	0.366599999999998	17.0103487179487	-10.9449268604043
C00301	0.000510732385299524	0.00257177300399051	-1.29364	11.0768025641026	-10.9351448369869
C00331	0.000779620435226842	0.00389810217613421	-0.288139999999999	16.3017641025641	-10.3249404728761
C00019	0.00104709696081978	0.00519887302225205	0.347060000000003	13.6905461538462	-9.89938924314121
C00015	0.00125427356775868	0.00618426550769905	-0.405219999999996	12.0189974358974	-9.63893223811329
C04555	0.00129708838105631	0.00635126034862055	-0.272039999999999	12.3141948717949	-9.59050749931495
C00750	0.00165896113648501	0.00806755073222163	-0.605960000000012	16.1233205128205	-9.23550419514775
C00022	0.00184681572422086	0.00885972408241088	0.239380000000004	13.2549153846154	-9.080744363667
C00222	0.00184681572422086	0.00885972408241088	0.239380000000004	13.2549153846154	-9.080744363667
C00117	0.00192599822990521	0.00887960222878376	0.343660000000005	14.6137743589744	-9.02017790739357
C00231	0.00192599822990521	0.00887960222878376	0.343660000000005	14.6137743589744	-9.02017790739357
C00620	0.00192599822990521	0.00887960222878376	0.343660000000005	14.6137743589744	-9.02017790739357
C01112	0.00192599822990521	0.00887960222878376	0.343660000000005	14.6137743589744	-9.02017790739357
C03906	0.00192599822990521	0.00887960222878376	0.343660000000005	14.6137743589744	-9.02017790739357
C07660	0.00192599822990521	0.00887960222878376	-0.264579999999999	11.2388282051282	-9.02017790739357
C00043	0.00232183845572236	0.0105673416895056	-0.30838	13.9870615384615	-8.75051668594513
C00203	0.00232183845572236	0.0105673416895056	-0.30838	13.9870615384615	-8.75051668594513
C00350	0.00251602278104656	0.0113781921945418	-0.47978	12.1240717948718	-8.63463929966503
C02235	0.00262259932761641	0.0117850982443522	0.29036	12.7885128205128	-8.57478687058368
C00664	0.00269027845003975	0.0119070107379317	0.3255	13.2576179487179	-8.53802878187968
C01879	0.00273358133842658	0.0119070107379317	-0.257979999999996	17.3885205128205	-8.51499198071822
C02237	0.00273358133842658	0.0119070107379317	-0.257979999999996	17.3885205128205	-8.51499198071822
C04281	0.00273358133842658	0.0119070107379317	-0.257979999999996	17.3885205128205	-8.51499198071822
C04282	0.00273358133842658	0.0119070107379317	-0.257979999999996	17.3885205128205	-8.51499198071822
C01236	0.00357375796247627	0.0153779888082312	-0.593399999999999	12.0310948717949	-8.12834235541964
C04442	0.00357375796247627	0.0153779888082312	-0.593399999999999	12.0310948717949	-8.12834235541964
C00062	0.00369529007471436	0.0157105146889054	-0.267339999999997	17.8692794871795	-8.08009666645411
C00792	0.00369529007471436	0.0157105146889054	-0.267339999999997	17.8692794871795	-8.08009666645411
C02862	0.0043678470204227	0.0184593534791674	0.228260000000001	14.5826948717949	-7.8388619565047
C00257	0.00515856180219733	0.021418589938948	0.329940000000002	14.6382128205128	-7.59881538375142
C00800	0.00515856180219733	0.021418589938948	0.329940000000002	14.6382128205128	-7.59881538375142
C00880	0.00515856180219733	0.021418589938948	0.329940000000002	14.6382128205128	-7.59881538375142
C01243	0.00582558020269939	0.0239084505428703	0.342180000000001	10.7054179487179	-7.42338254152656
C01245	0.00582558020269939	0.0239084505428703	0.342180000000001	10.7054179487179	-7.42338254152656
C00078	0.0058798977235269	0.0239926861132419	-0.225539999999995	16.515382051282	-7.40999322399566
C02220	0.00780518336514315	0.0316667439385808	-0.334560000000002	12.5095282051282	-7.00135175920134
C00082	0.0124889763723894	0.0492620734688693	-0.219879999999989	16.9010333333333	-6.32320095486218
C02838	0.0124889763723894	0.0492620734688693	0.282360000000004	13.3543564102564	-6.32320095486218
C03483	0.0124889763723894	0.0492620734688693	0.355559999999999	11.1875820512821	-6.32320095486218
C04368	0.0124889763723894	0.0492620734688693	-0.219879999999989	16.9010333333333	-6.32320095486218
C19579	0.0124889763723894	0.0492620734688693	-0.219879999999989	16.9010333333333	-6.32320095486218
C00127	0.0135720740064137	0.0532385223456007	0.444360000000001	15.3663230769231	-6.20321498779954
C04707	0.0138392061541842	0.053401284616689	-0.21702	12.8425282051282	-6.17509500043223
C06439	0.0138392061541842	0.053401284616689	-0.21702	12.8425282051282	-6.17509500043223
C13802	0.0138392061541842	0.053401284616689	-0.21702	12.8425282051282	-6.17509500043223
C00988	0.0182014227176632	0.069854108808329	0.179659999999997	12.2303128205128	-5.7798049664114
C00051	0.0189249207621474	0.0722402889307777	0.453440000000008	17.9024897435897	-5.72356893005494
C07187	0.0241512913110565	0.0916974162077546	0.334320000000002	13.1987564102564	-5.37175586124153
C11133	0.02533638424354	0.0956852809197521	0.980680000000003	15.8990333333333	-5.30264553767623
C01136	0.025755574182806	0.096074999661233	0.182939999999997	13.347041025641	-5.27897148658197
C16255	0.025755574182806	0.096074999661233	0.182939999999997	13.347041025641	-5.27897148658197
C00149	0.0266029762824364	0.096074999661233	-0.272320000000004	16.8212230769231	-5.23226852947277
C00250	0.0266029762824364	0.096074999661233	-0.182619999999998	14.8395102564103	-5.23226852947277
C00711	0.0266029762824364	0.096074999661233	-0.272320000000004	16.8212230769231	-5.23226852947277
C06051	0.0266029762824364	0.096074999661233	-0.182619999999998	14.8395102564103	-5.23226852947277
C09627	0.0266029762824364	0.096074999661233	0.221339999999993	14.4272692307692	-5.23226852947277
C13800	0.0269169443077126	0.096074999661233	0.209979999999995	14.6433615384615	-5.21534154960098
C00167	0.0269280632853315	0.096074999661233	-0.308339999999999	11.468158974359	-5.21474571742208
C00617	0.0269280632853315	0.096074999661233	-0.308339999999999	11.468158974359	-5.21474571742208
C02330	0.0269280632853315	0.096074999661233	-0.308339999999999	11.468158974359	-5.21474571742208
C05696	0.027374150209026	0.0971782332420423	-0.387259999999999	11.6473358974359	-5.19104201075053
C00575	0.0284699319983045	0.100067582766318	0.136800000000003	13.9450461538462	-5.13441714263153
C02353	0.0284699319983045	0.100067582766318	0.136800000000003	13.9450461538462	-5.13441714263153
D00673	0.0324367124176532	0.113448600081447	-0.311360000000004	12.5692923076923	-4.94622858535824
C19615	0.0331675625969575	0.115436124724705	0.356280000000003	13.9750025641026	-4.91408319388291
C02427	0.0337269094050872	0.116810271598107	-0.23326	10.6190051282051	-4.88995606798673
C00523	0.0370564739861491	0.121207323325621	0.248520000000003	13.4837025641026	-4.75413057782961
C03917	0.0370564739861491	0.121207323325621	0.248520000000003	13.4837025641026	-4.75413057782961
C04295	0.0370564739861491	0.121207323325621	0.248520000000003	13.4837025641026	-4.75413057782961
C04373	0.0370564739861491	0.121207323325621	0.248520000000003	13.4837025641026	-4.75413057782961
C05293	0.0370564739861491	0.121207323325621	0.248520000000003	13.4837025641026	-4.75413057782961
C07635	0.0370564739861491	0.121207323325621	0.248520000000003	13.4837025641026	-4.75413057782961
C14210	0.0370564739861491	0.121207323325621	0.248520000000003	13.4837025641026	-4.75413057782961
C00815	0.0372157696971625	0.121207323325621	0.161459999999991	15.1207384615385	-4.74794211567204
C01087	0.0372157696971625	0.121207323325621	0.161459999999991	15.1207384615385	-4.74794211567204
C02266	0.0372157696971625	0.121207323325621	0.161459999999991	15.1207384615385	-4.74794211567204
C02674	0.0372157696971625	0.121207323325621	0.161459999999991	15.1207384615385	-4.74794211567204
C03196	0.0372157696971625	0.121207323325621	0.161459999999991	15.1207384615385	-4.74794211567204
C05924	0.0372157696971625	0.121207323325621	0.716239999999999	9.66189230769231	-4.74794211567204
C16365	0.037562055281342	0.121776526254579	-0.191380000000008	15.2083461538462	-4.7345801847416
C00037	0.038970977567985	0.125769973060315	-0.154499999999999	13.0491538461538	-4.68145606851168
C03451	0.0395874352298488	0.127181353000872	0.343820000000003	12.4324692307692	-4.65881358795454
C00206	0.0433483163233712	0.138636507160331	-0.391580000000001	10.6694538461538	-4.52788023044745
C09815	0.0437739743628664	0.139370052904193	0.392140000000001	14.2262820512821	-4.51378281349033
C00033	0.0462062535286625	0.141407068988579	0.663339999999993	16.1311205128205	-4.43576807137473
C00188	0.0462062535286625	0.141407068988579	-0.186920000000006	14.2529487179487	-4.43576807137473
C00263	0.0462062535286625	0.141407068988579	-0.186920000000006	14.2529487179487	-4.43576807137473
C00266	0.0462062535286625	0.141407068988579	0.663339999999993	16.1311205128205	-4.43576807137473
C00268	0.0462062535286625	0.141407068988579	0.525619999999996	14.3957076923077	-4.43576807137473
C02953	0.0462062535286625	0.141407068988579	0.525619999999996	14.3957076923077	-4.43576807137473
C04244	0.0462062535286625	0.141407068988579	0.525619999999996	14.3957076923077	-4.43576807137473
C05519	0.0462062535286625	0.141407068988579	-0.186920000000006	14.2529487179487	-4.43576807137473
C08322	0.0462062535286625	0.141407068988579	0.206200000000001	14.6238923076923	-4.43576807137473
C00166	0.048047262122652	0.143334269357491	-0.183980000000002	14.9573102564103	-4.37940196553136
C00811	0.048047262122652	0.143334269357491	-0.183980000000002	14.9573102564103	-4.37940196553136
C01772	0.048047262122652	0.143334269357491	-0.183980000000002	14.9573102564103	-4.37940196553136
C02656	0.048047262122652	0.143334269357491	-0.142640000000004	13.6857128205128	-4.37940196553136
C02763	0.048047262122652	0.143334269357491	-0.183980000000002	14.9573102564103	-4.37940196553136
C12621	0.048047262122652	0.143334269357491	-0.183980000000002	14.9573102564103	-4.37940196553136
C00314	0.0507152849531309	0.150032717986346	0.150419999999997	16.1529051282051	-4.30143556675279
C00547	0.0507152849531309	0.150032717986346	0.150419999999997	16.1529051282051	-4.30143556675279
C00065	0.0538582167713708	0.155744566254761	-0.171119999999997	14.5165358974359	-4.21468972632373
C00740	0.0538582167713708	0.155744566254761	-0.171119999999997	14.5165358974359	-4.21468972632373
C00109	0.0544009189171561	0.155744566254761	-0.259040000000002	15.0260205128205	-4.20022516870302
C00164	0.0544009189171561	0.155744566254761	-0.259040000000002	15.0260205128205	-4.20022516870302
C00232	0.0544009189171561	0.155744566254761	-0.259040000000002	15.0260205128205	-4.20022516870302
C00349	0.0544009189171561	0.155744566254761	-0.259040000000002	15.0260205128205	-4.20022516870302
C00626	0.0544009189171561	0.155744566254761	0.757080000000006	10.006841025641	-4.20022516870302
C06002	0.0544009189171561	0.155744566254761	-0.259040000000002	15.0260205128205	-4.20022516870302
C00135	0.0551332010852222	0.155954473189274	-0.1721	17.3849282051282	-4.18093482169044
C00157	0.0551332010852222	0.155954473189274	-0.377220000000001	11.2405769230769	-4.18093482169044
C04437	0.0551332010852222	0.155954473189274	-0.174759999999997	12.862758974359	-4.18093482169044
C00870	0.059532613785676	0.166041115205734	0.303539999999991	15.8793820512821	-4.07017595234049
C01020	0.059532613785676	0.166041115205734	0.303539999999991	15.8793820512821	-4.07017595234049
C14762	0.060102206489963	0.166041115205734	0.454040000000006	15.9431615384615	-4.0564382332194
C14767	0.060102206489963	0.166041115205734	0.454040000000006	15.9431615384615	-4.0564382332194
C14825	0.060102206489963	0.166041115205734	0.454040000000006	15.9431615384615	-4.0564382332194
C14826	0.060102206489963	0.166041115205734	0.454040000000006	15.9431615384615	-4.0564382332194
C00371	0.0618955249079866	0.167005667379734	0.162719999999998	14.2238923076923	-4.01402108447805
C00842	0.0618955249079866	0.167005667379734	-0.156459999999996	12.1099487179487	-4.01402108447805
C00864	0.0618955249079866	0.167005667379734	0.162719999999998	14.2238923076923	-4.01402108447805
C02097	0.0618955249079866	0.167005667379734	-0.156459999999996	12.1099487179487	-4.01402108447805
C00079	0.062333101205112	0.167005667379734	-0.159920000000007	17.712058974359	-4.00385769807621
C03033	0.062333101205112	0.167005667379734	-0.308100000000003	13.6255102564103	-4.00385769807621
C07527	0.062333101205112	0.167005667379734	-0.159920000000007	17.712058974359	-4.00385769807621
C11134	0.062333101205112	0.167005667379734	-0.308100000000003	13.6255102564103	-4.00385769807621
C05995	0.0653294651228545	0.174375639989574	-0.278320000000001	10.7661076923077	-3.9361223618796
C00042	0.0661612226217906	0.175277865901012	0.161860000000001	17.2611897435897	-3.91787029483482
C02170	0.0661612226217906	0.175277865901012	0.161860000000001	17.2611897435897	-3.91787029483482
C10188	0.067556796986972	0.178309761564127	0.20656	12.6483179487179	-3.8877552612884
C02739	0.0697514118683849	0.183420379357605	-0.955079999999999	9.79721794871795	-3.84163377032534
C06426	0.0719385203979428	0.187780696626983	0.311939999999996	15.2081205128205	-3.79709170275768
C06427	0.0719385203979428	0.187780696626983	0.311939999999996	15.2081205128205	-3.79709170275768
C00279	0.0722726358350671	0.187961800157134	0.138079999999999	12.8784615384615	-3.79040667839077
C00665	0.0763941770896798	0.189688768988864	0.258600000000005	12.3461769230769	-3.71039351229894
C01220	0.0763941770896798	0.189688768988864	0.258600000000005	12.3461769230769	-3.71039351229894
C01231	0.0763941770896798	0.189688768988864	0.258600000000005	12.3461769230769	-3.71039351229894
C03785	0.0763941770896798	0.189688768988864	0.258600000000005	12.3461769230769	-3.71039351229894
C04062	0.0763941770896798	0.189688768988864	0.258600000000005	12.3461769230769	-3.71039351229894
C04063	0.0763941770896798	0.189688768988864	0.258600000000005	12.3461769230769	-3.71039351229894
C06050	0.0763941770896798	0.189688768988864	-0.222279999999996	11.9030615384615	-3.71039351229894
C00190	0.0795213799770965	0.189688768988864	-0.489299999999998	10.7529051282051	-3.65251339679758
C00935	0.0795213799770965	0.189688768988864	-0.489299999999998	10.7529051282051	-3.65251339679758
C01623	0.0795213799770965	0.189688768988864	-0.489299999999998	10.7529051282051	-3.65251339679758
C00031	0.0804173513600678	0.189688768988864	-0.230820000000001	14.5335205128205	-3.63634936970984
C00137	0.0804173513600678	0.189688768988864	-0.230820000000001	14.5335205128205	-3.63634936970984
C00159	0.0804173513600678	0.189688768988864	-0.230820000000001	14.5335205128205	-3.63634936970984
C00221	0.0804173513600678	0.189688768988864	-0.230820000000001	14.5335205128205	-3.63634936970984
C00267	0.0804173513600678	0.189688768988864	-0.230820000000001	14.5335205128205	-3.63634936970984
C00408	0.0804173513600678	0.189688768988864	-0.144499999999997	16.718017948718	-3.63634936970984
C00795	0.0804173513600678	0.189688768988864	-0.230820000000001	14.5335205128205	-3.63634936970984
C00962	0.0804173513600678	0.189688768988864	-0.230820000000001	14.5335205128205	-3.63634936970984
C00984	0.0804173513600678	0.189688768988864	-0.230820000000001	14.5335205128205	-3.63634936970984
C01487	0.0804173513600678	0.189688768988864	-0.230820000000001	14.5335205128205	-3.63634936970984
C02336	0.0804173513600678	0.189688768988864	-0.230820000000001	14.5335205128205	-3.63634936970984
C05936	0.0804173513600678	0.189688768988864	-0.144499999999997	16.718017948718	-3.63634936970984
C06153	0.0804173513600678	0.189688768988864	-0.230820000000001	14.5335205128205	-3.63634936970984
C07130	0.0804173513600678	0.189688768988864	-0.230820000000001	14.5335205128205	-3.63634936970984
C07480	0.0804173513600678	0.189688768988864	-0.230820000000001	14.5335205128205	-3.63634936970984
C08356	0.0804173513600678	0.189688768988864	-0.230820000000001	14.5335205128205	-3.63634936970984
C13747	0.0804173513600678	0.189688768988864	-0.230820000000001	14.5335205128205	-3.63634936970984
C15923	0.0804173513600678	0.189688768988864	-0.230820000000001	14.5335205128205	-3.63634936970984
C01103	0.0852931487596397	0.199861833727209	0.12932	13.0143076923077	-3.5514263292096
C05631	0.0852931487596397	0.199861833727209	0.12932	13.0143076923077	-3.5514263292096
C15646	0.0858110354824702	0.200413931554453	-0.186000000000002	11.6346282051282	-3.54269299645476
C00360	0.0923067754858484	0.214878067524434	0.180059999999997	12.2556769230769	-3.43741964156701
C00669	0.0933655266372156	0.21663243108635	0.176780000000001	13.4784564102564	-3.42096622795701
C00956	0.107067419678325	0.246811259648087	0.362159999999998	14.1274871794872	-3.22340855615586
C02571	0.107067419678325	0.246811259648087	-0.143180000000001	17.4364076923077	-3.22340855615586
C07319	0.107532445800216	0.247081024330593	-0.115099999999998	11.2704666666667	-3.21715606453819
C08261	0.113558635822021	0.260085907850435	-0.198619999999998	14.2846743589744	-3.13849067167954
C00689	0.115404610868591	0.262619467040704	-0.236699999999997	11.6974179487179	-3.11522722840518
C05396	0.115404610868591	0.262619467040704	-0.236699999999997	11.6974179487179	-3.11522722840518
C00047	0.119245831589299	0.267925760849374	-0.129380000000005	18.3840025641026	-3.0679892592692
C00739	0.119245831589299	0.267925760849374	-0.129380000000005	18.3840025641026	-3.0679892592692
C01142	0.119245831589299	0.267925760849374	-0.129380000000005	18.3840025641026	-3.0679892592692
C01186	0.119245831589299	0.267925760849374	-0.129380000000005	18.3840025641026	-3.0679892592692
C00053	0.122025984155451	0.273307409307162	0.362860000000001	10.4743615384615	-3.03473970758549
C10462	0.122950129537931	0.274511295509217	-0.123299999999997	13.7203051282051	-3.02385483995636
C07330	0.123416846045107	0.274689531949925	-0.184240000000003	12.6687769230769	-3.01838876322851
C00245	0.143126870586803	0.317562744114469	0.108660000000008	20.2826051282051	-2.80463354635084
C01657	0.145730104988	0.322331384864424	0.117760000000001	13.2635666666667	-2.77862915413249
C00183	0.16130011729985	0.352378717793518	-0.13212	17.9220307692308	-2.63218060724408
C00431	0.16130011729985	0.352378717793518	-0.13212	17.9220307692308	-2.63218060724408
C00719	0.16130011729985	0.352378717793518	-0.13212	17.9220307692308	-2.63218060724408
C07457	0.16130011729985	0.352378717793518	-0.13212	17.9220307692308	-2.63218060724408
C00581	0.162344365297696	0.353572083930565	-0.256480000000002	12.6442102564103	-2.62287078293441
C00803	0.168698523042737	0.364060642432654	-0.163020000000007	13.6821179487179	-2.56748075201616
C08262	0.168698523042737	0.364060642432654	-0.163020000000007	13.6821179487179	-2.56748075201616
C18319	0.168698523042737	0.364060642432654	-0.163020000000007	13.6821179487179	-2.56748075201616
C04421	0.170190801077666	0.3661680871671	0.165360000000002	14.0680179487179	-2.55477503435165
C00255	0.172671219656651	0.370382374490097	0.144640000000001	13.6377923076923	-2.53390045625188
C00110	0.175079268665067	0.374416508289752	-0.106079999999997	12.1864	-2.51391983215991
C00209	0.180231596150304	0.384277577377525	-0.497780000000002	9.02499230769231	-2.47207614470416
C00637	0.182012558238035	0.386912923200613	-0.145480000000001	10.7294512820513	-2.457890100053
C16300	0.191891841817166	0.399155893248488	0.186760000000001	14.1710256410256	-2.38163471748698
C00123	0.19451822403377	0.399155893248488	-0.0944800000000043	17.5046769230769	-2.36202277005381
C00407	0.19451822403377	0.399155893248488	-0.0944800000000043	17.5046769230769	-2.36202277005381
C01412	0.19451822403377	0.399155893248488	0.132759999999996	13.2908846153846	-2.36202277005381
C01933	0.19451822403377	0.399155893248488	-0.0944800000000043	17.5046769230769	-2.36202277005381
C02378	0.19451822403377	0.399155893248488	-0.0944800000000043	17.5046769230769	-2.36202277005381
C02486	0.19451822403377	0.399155893248488	-0.0944800000000043	17.5046769230769	-2.36202277005381
C02845	0.19451822403377	0.399155893248488	0.132759999999996	13.2908846153846	-2.36202277005381
C05526	0.19451822403377	0.399155893248488	-0.228059999999999	13.7072512820513	-2.36202277005381
C06502	0.19451822403377	0.399155893248488	-0.0864599999999989	12.2381435897436	-2.36202277005381
C11135	0.19451822403377	0.399155893248488	-0.167820000000003	13.6558307692308	-2.36202277005381
C11136	0.19451822403377	0.399155893248488	-0.167820000000003	13.6558307692308	-2.36202277005381
C03017	0.196467350363556	0.40199371400036	0.201559999999994	15.4132948717949	-2.34763851462881
C05635	0.201745057176458	0.411606294814038	0.0981400000000043	12.7624307692308	-2.30939476747782
C00535	0.207255885847054	0.416860280315604	0.14396	13.2016692307692	-2.27051502157753
C00674	0.207255885847054	0.416860280315604	0.14396	13.2016692307692	-2.27051502157753
C01227	0.207255885847054	0.416860280315604	0.14396	13.2016692307692	-2.27051502157753
C03772	0.207255885847054	0.416860280315604	0.14396	13.2016692307692	-2.27051502157753
C05295	0.207255885847054	0.416860280315604	0.14396	13.2016692307692	-2.27051502157753
C02710	0.217463289876852	0.4361551859112	0.123120000000002	14.0400307692308	-2.20115621568507
C05282	0.220412806745896	0.440825613491792	-0.13804	12.7360897435897	-2.18172004297458
C05844	0.224981601819505	0.447442401377727	0.555980000000005	17.8765871794872	-2.15212106699628
C10208	0.224981601819505	0.447442401377727	0.555980000000005	17.8765871794872	-2.15212106699628
C02737	0.22698387639805	0.450163553750323	0.443079999999998	9.70937692307692	-2.13933827431713
C04332	0.230097759789933	0.45506799289931	0.111240000000002	13.9450794871795	-2.11968115719971
C00556	0.235798165067126	0.458675882733314	-0.113139999999996	10.8935717948718	-2.0843756032824
C01290	0.235798165067126	0.458675882733314	-0.366540000000001	10.4336025641026	-2.0843756032824
C01467	0.235798165067126	0.458675882733314	-0.113139999999996	10.8935717948718	-2.0843756032824
C01468	0.235798165067126	0.458675882733314	-0.113139999999996	10.8935717948718	-2.0843756032824
C01542	0.235798165067126	0.458675882733314	-0.113139999999996	10.8935717948718	-2.0843756032824
C06126	0.235798165067126	0.458675882733314	-0.366540000000001	10.4336025641026	-2.0843756032824
C01252	0.23715023602367	0.460045539827338	0.163560000000002	12.1841307692308	-2.07612679062759
C14765	0.241879564616944	0.464205624651549	0.262679999999996	16.3616666666667	-2.04763920763304
C14766	0.241879564616944	0.464205624651549	0.262679999999996	16.3616666666667	-2.04763920763304
C16346	0.241879564616944	0.464205624651549	0.262679999999996	16.3616666666667	-2.04763920763304
C11770	0.246001057897375	0.464205624651549	0.196719999999999	14.6946256410256	-2.02326357517644
C00518	0.246479312524394	0.464205624651549	-0.232040000000001	12.0124076923077	-2.02046153133056
C14828	0.246479312524394	0.464205624651549	0.30218	15.5941948717949	-2.02046153133056
C14829	0.246479312524394	0.464205624651549	0.30218	15.5941948717949	-2.02046153133056
C05949	0.247140459321529	0.464205624651549	0.235179999999996	16.1813307692308	-2.01659688153205
C05953	0.247140459321529	0.464205624651549	0.235179999999996	16.1813307692308	-2.01659688153205
C05954	0.247140459321529	0.464205624651549	0.235179999999996	16.1813307692308	-2.01659688153205
C05957	0.247140459321529	0.464205624651549	0.235179999999996	16.1813307692308	-2.01659688153205
C05958	0.247140459321529	0.464205624651549	0.235179999999996	16.1813307692308	-2.01659688153205
D00321	0.25244980406803	0.472927073583909	0.138499999999997	13.3083666666667	-1.98593153720597
C01005	0.262402826410418	0.480658924694303	-0.134459999999997	14.0317333333333	-1.93014483519687
C00180	0.267257098349327	0.480658924694303	0.159219999999998	16.6737641025641	-1.90369982844815
C00399	0.267257098349327	0.480658924694303	0.137320000000004	14.0703615384615	-1.90369982844815
C00633	0.267257098349327	0.480658924694303	0.159219999999998	16.6737641025641	-1.90369982844815
C02140	0.267257098349327	0.480658924694303	0.112680000000001	14.2265743589744	-1.90369982844815
C05477	0.267257098349327	0.480658924694303	0.112680000000001	14.2265743589744	-1.90369982844815
C05488	0.267257098349327	0.480658924694303	0.112680000000001	14.2265743589744	-1.90369982844815
C05497	0.267257098349327	0.480658924694303	0.112680000000001	14.2265743589744	-1.90369982844815
C05596	0.267257098349327	0.480658924694303	-0.129819999999997	10.8094871794872	-1.90369982844815
C00122	0.267405970161533	0.480658924694303	-0.128820000000005	14.9688153846154	-1.90289641918576
C01384	0.267405970161533	0.480658924694303	-0.128820000000005	14.9688153846154	-1.90289641918576
C01479	0.267408838386267	0.480658924694303	0.104459999999994	14.583841025641	-1.90288094476907
C01744	0.267408838386267	0.480658924694303	0.104459999999994	14.583841025641	-1.90288094476907
C05581	0.267408838386267	0.480658924694303	0.104459999999994	14.583841025641	-1.90288094476907
C05607	0.267408838386267	0.480658924694303	0.104459999999994	14.583841025641	-1.90288094476907
C11457	0.267408838386267	0.480658924694303	0.104459999999994	14.583841025641	-1.90288094476907
C08357	0.273126770676258	0.488463494156532	-0.150780000000003	11.7762512820513	-1.87235736727614
C12448	0.273126770676258	0.488463494156532	0.0962000000000032	14.5061564102564	-1.87235736727614
C03740	0.276199737045175	0.492718123874558	0.0885399999999983	13.5908076923077	-1.85621614880263
C00762	0.286436678112427	0.508425103649558	-0.144279999999998	12.0118666666667	-1.80371185388132
C01780	0.286436678112427	0.508425103649558	-0.144279999999998	12.0118666666667	-1.80371185388132
C01753	0.2898880478281	0.510298853249778	-0.164520000000001	11.8613102564103	-1.78643224301478
C15915	0.2898880478281	0.510298853249778	-0.164520000000001	11.8613102564103	-1.78643224301478
C19654	0.2898880478281	0.510298853249778	-0.164520000000001	11.8613102564103	-1.78643224301478
C00705	0.290367234806916	0.510298853249778	-0.198439999999998	11.6335384615385	-1.78404942684458
C00160	0.29210290536695	0.512081636569221	-0.137639999999996	10.5710538461538	-1.77545138705356
C00601	0.29528938273665	0.515123984626588	0.153399999999998	12.8536230769231	-1.75979861023586
C05627	0.29528938273665	0.515123984626588	0.153399999999998	12.8536230769231	-1.75979861023586
C03246	0.305783210478388	0.532122743724646	-0.134300000000001	10.5705641025641	-1.70941889951806
C00364	0.313850695823462	0.544826391282782	-0.138740000000002	11.7693923076923	-1.67184968743221
C01260	0.318107183403261	0.550868537112964	-0.244259999999999	10.6121076923077	-1.65241514412516
C00249	0.323068181713999	0.558098318776008	0.365660000000013	18.1315025641026	-1.63008942519973
C07943	0.326864639186634	0.563286150054636	-0.118580000000001	13.0319128205128	-1.61323478272384
C08362	0.330646475659232	0.567289498618818	0.277460000000005	15.677258974359	-1.59663857083007
C04299	0.331484824611687	0.567289498618818	0.110279999999999	11.5424794871795	-1.59298526967347
C15492	0.331584706939168	0.567289498618818	0.211539999999998	12.7182897435897	-1.5925506252425
C05993	0.334904480047583	0.571591780850442	-0.481899999999998	11.4636179487179	-1.57817841965133
C01530	0.340091034442644	0.579051881185317	0.353959999999994	18.1986076923077	-1.55600712099576
C00195	0.341963064723345	0.580846353955921	0.40192	12.5178179487179	-1.54808758620332
C10719	0.351269035862726	0.593811941577465	0.149939999999999	13.6170333333333	-1.50935168535278
C18166	0.351269035862726	0.593811941577465	0.149939999999999	13.6170333333333	-1.50935168535278
C01050	0.352288787356645	0.594121232834247	0.26524	10.9202794871795	-1.50516953740445
C02636	0.361917679874656	0.597213823108473	0.113340000000001	12.9452179487179	-1.46626650902142
C03087	0.361917679874656	0.597213823108473	0.113340000000001	12.9452179487179	-1.46626650902142
C16675	0.369004295365965	0.597213823108473	0.113539999999997	11.2797128205128	-1.43829048492389
C04717	0.36907142450674	0.597213823108473	0.242600000000007	16.2152102564103	-1.43802805418364
C14827	0.36907142450674	0.597213823108473	0.242600000000007	16.2152102564103	-1.43802805418364
C14831	0.36907142450674	0.597213823108473	0.242600000000007	16.2152102564103	-1.43802805418364
C00165	0.372736381420282	0.597213823108473	-0.163340000000005	11.6845461538462	-1.4237724528182
C00189	0.372736381420282	0.597213823108473	-0.101459999999998	12.7423564102564	-1.4237724528182
C00427	0.373468926000228	0.597213823108473	-0.0672399999999982	13.5008512820513	-1.42093988445744
C00584	0.373468926000228	0.597213823108473	-0.0672399999999982	13.5008512820513	-1.42093988445744
C00696	0.373468926000228	0.597213823108473	-0.0672399999999982	13.5008512820513	-1.42093988445744
C00878	0.373468926000228	0.597213823108473	-0.141700000000002	12.8669025641026	-1.42093988445744
C01312	0.373468926000228	0.597213823108473	-0.0672399999999982	13.5008512820513	-1.42093988445744
C01685	0.373468926000228	0.597213823108473	-0.141700000000002	12.8669025641026	-1.42093988445744
C02198	0.373468926000228	0.597213823108473	-0.0672399999999982	13.5008512820513	-1.42093988445744
C04654	0.373468926000228	0.597213823108473	-0.0672399999999982	13.5008512820513	-1.42093988445744
C04671	0.373468926000228	0.597213823108473	-0.0672399999999982	13.5008512820513	-1.42093988445744
C05960	0.373468926000228	0.597213823108473	-0.0672399999999982	13.5008512820513	-1.42093988445744
C06314	0.373468926000228	0.597213823108473	-0.0672399999999982	13.5008512820513	-1.42093988445744
C06315	0.373468926000228	0.597213823108473	-0.0672399999999982	13.5008512820513	-1.42093988445744
C06476	0.373468926000228	0.597213823108473	-0.0672399999999982	13.5008512820513	-1.42093988445744
C13807	0.373468926000228	0.597213823108473	-0.0672399999999982	13.5008512820513	-1.42093988445744
C13808	0.373468926000228	0.597213823108473	-0.0672399999999982	13.5008512820513	-1.42093988445744
C00258	0.379068622378863	0.604806116604478	-0.143399999999996	12.1467692307692	-1.39946905334033
C05823	0.39782339260594	0.628171687010042	-0.162439999999998	11.4955076923077	-1.32979998361179
C00440	0.399021733579618	0.628171687010042	-0.179479999999995	10.5386538461538	-1.32546076680161
C00559	0.399021733579618	0.628171687010042	-0.110200000000003	10.9521769230769	-1.32546076680161
C02137	0.399021733579618	0.628171687010042	-0.142799999999998	11.3791128205128	-1.32546076680161
C05198	0.399021733579618	0.628171687010042	-0.110200000000003	10.9521769230769	-1.32546076680161
C06470	0.399021733579618	0.628171687010042	-0.110200000000003	10.9521769230769	-1.32546076680161
C01134	0.412088570008013	0.645650735592851	-0.216080000000002	12.0147153846154	-1.27897364636588
C00148	0.414709729847464	0.645650735592851	-0.0738199999999978	14.6344487179487	-1.26982619898659
C00763	0.414709729847464	0.645650735592851	-0.0738199999999978	14.6344487179487	-1.26982619898659
C00090	0.41739956005228	0.645650735592851	0.122960000000003	11.5173564102564	-1.26049901501905
C00387	0.41739956005228	0.645650735592851	0.0671999999999979	14.6954769230769	-1.26049901501905
C00461	0.41739956005228	0.645650735592851	0.0672399999999982	12.9635205128205	-1.26049901501905
C00530	0.41739956005228	0.645650735592851	0.122960000000003	11.5173564102564	-1.26049901501905
C06044	0.41739956005228	0.645650735592851	0.0903399999999994	15.9615692307692	-1.26049901501905
C06021	0.420434076731574	0.647919667322184	0.153920000000006	16.2749051282051	-1.25004848852908
C00163	0.424439161048737	0.647919667322184	0.06752	14.4093435897436	-1.23637032165931
C00424	0.424439161048737	0.647919667322184	0.06752	14.4093435897436	-1.23637032165931
C00937	0.424439161048737	0.647919667322184	0.06752	14.4093435897436	-1.23637032165931
C00969	0.424439161048737	0.647919667322184	0.06752	14.4093435897436	-1.23637032165931
C05235	0.424439161048737	0.647919667322184	0.06752	14.4093435897436	-1.23637032165931
C03722	0.425254316862166	0.647919667322184	-0.162660000000001	10.6591358974359	-1.23360221376877
C05512	0.43078997214902	0.651758912463468	-0.074340000000003	11.6278153846154	-1.21494342740835
C00152	0.432364010944075	0.651758912463468	-0.0603400000000001	15.1418205128205	-1.20968165366807
C01043	0.432364010944075	0.651758912463468	-0.0603400000000001	15.1418205128205	-1.20968165366807
C02037	0.432364010944075	0.651758912463468	-0.0603400000000001	15.1418205128205	-1.20968165366807
C02642	0.432364010944075	0.651758912463468	-0.0603400000000001	15.1418205128205	-1.20968165366807
C00091	0.445659502204042	0.667549043385801	0.347640000000002	9.6957717948718	-1.16598622799995
C00683	0.445659502204042	0.667549043385801	0.347640000000002	9.6957717948718	-1.16598622799995
C01213	0.445659502204042	0.667549043385801	0.347640000000002	9.6957717948718	-1.16598622799995
C00597	0.448315475754682	0.668493858529647	-0.120339999999997	13.2818717948718	-1.15741379311382
C00631	0.448315475754682	0.668493858529647	-0.120339999999997	13.2818717948718	-1.15741379311382
C00242	0.449114888054425	0.668493858529647	-0.0584199999999981	14.3421769230769	-1.15484354697101
C00061	0.453299203869757	0.670581958097376	-0.0780599999999971	11.9977051282051	-1.14146446746925
C00227	0.455240146201317	0.670581958097376	0.0884399999999985	13.0952974358974	-1.13530030487986
C00611	0.455240146201317	0.670581958097376	0.0857800000000033	13.2241948717949	-1.13530030487986
C05682	0.455240146201317	0.670581958097376	0.0884399999999985	13.0952974358974	-1.13530030487986
C06372	0.455240146201317	0.670581958097376	0.0857800000000033	13.2241948717949	-1.13530030487986
C00712	0.479027829688414	0.70270611379912	0.178759999999993	14.9541923076923	-1.06181862141616
C08367	0.479027829688414	0.70270611379912	0.178759999999993	14.9541923076923	-1.06181862141616
C19691	0.496517371921276	0.725610887408481	0.120880000000005	14.9890230769231	-1.01008389990061
C06818	0.496685762366932	0.725610887408481	0.0776599999999981	14.6389358974359	-1.00959470276697
C00546	0.499606352397584	0.726886291398124	-0.0532400000000024	13.4942358974359	-1.00113627423807
C19440	0.499606352397584	0.726886291398124	-0.0532400000000024	13.4942358974359	-1.00113627423807
D00386	0.506888721018115	0.735973398615259	0.0793999999999997	13.0681846153846	-0.980259032582126
C08278	0.512340552213148	0.736302431553994	-0.0579399999999968	14.0982	-0.964825007972099
C00971	0.513896881371873	0.736302431553994	0.110840000000003	12.3166435897436	-0.960449197838642
C05653	0.513896881371873	0.736302431553994	0.110840000000003	12.3166435897436	-0.960449197838642
C06052	0.513896881371873	0.736302431553994	0.110840000000003	12.3166435897436	-0.960449197838642
C06197	0.515978515789467	0.736302431553994	-0.0840399999999999	10.8494923076923	-0.954617098636642
C00246	0.520148788047165	0.736302431553994	-0.0598599999999987	11.9442025641026	-0.943003731107048
C00466	0.520148788047165	0.736302431553994	-0.0598599999999987	11.9442025641026	-0.943003731107048
C01659	0.520148788047165	0.736302431553994	0.0805600000000002	11.9889666666667	-0.943003731107048
C02632	0.520148788047165	0.736302431553994	-0.0598599999999987	11.9442025641026	-0.943003731107048
C00212	0.520596930479021	0.736302431553994	0.0653800000000011	11.9754666666667	-0.941761289476012
C00330	0.520596930479021	0.736302431553994	0.0653800000000011	11.9754666666667	-0.941761289476012
C05381	0.520596930479021	0.736302431553994	0.449900000000003	9.66824615384615	-0.941761289476012
C06469	0.520596930479021	0.736302431553994	0.0653800000000011	11.9754666666667	-0.941761289476012
C01585	0.526144212195534	0.742668768705426	-0.114059999999998	13.472341025641	-0.926469809241127
C04462	0.528721450244431	0.743062452406882	0.0744199999999999	12.6827205128205	-0.91942023680192
C00219	0.530069759021239	0.743062452406882	0.112100000000003	13.3982487179487	-0.915745859039156
D04947	0.530069759021239	0.743062452406882	0.112100000000003	13.3982487179487	-0.915745859039156
C00147	0.533749085531704	0.743062452406882	0.0467400000000033	15.5893307692308	-0.905766401910686
C01207	0.533749085531704	0.743062452406882	0.0651799999999962	13.1565128205128	-0.905766401910686
C05584	0.533749085531704	0.743062452406882	0.0651799999999962	13.1565128205128	-0.905766401910686
C10833	0.533749085531704	0.743062452406882	0.0651799999999962	13.1565128205128	-0.905766401910686
C00055	0.536181236640432	0.743532574247474	-0.0606400000000065	16.8067384615385	-0.899207360981733
C03104	0.536181236640432	0.743532574247474	-0.0606400000000065	16.8067384615385	-0.899207360981733
C07194	0.539838593039277	0.746172524676632	-0.0602600000000013	13.416158974359	-0.889399976185373
C05141	0.542288764412876	0.746172524676632	0.072140000000001	13.8626256410256	-0.882866815173638
C05301	0.542288764412876	0.746172524676632	0.072140000000001	13.8626256410256	-0.882866815173638
C14209	0.542288764412876	0.746172524676632	0.072140000000001	13.8626256410256	-0.882866815173638
C02470	0.547245491328586	0.751536361399025	-0.100059999999997	11.5184102564103	-0.869739931574673
C00390	0.557348126949903	0.75953391580505	0.100899999999994	14.8275153846154	-0.843349359533201
C00542	0.557348126949903	0.75953391580505	0.0543400000000016	13.5562641025641	-0.843349359533201
C02291	0.557348126949903	0.75953391580505	0.0543400000000016	13.5562641025641	-0.843349359533201
C10043	0.557348126949903	0.75953391580505	0.0543400000000016	13.5562641025641	-0.843349359533201
C01850	0.559484549211697	0.760984731686408	-0.41344	11.5885871794872	-0.837829804764249
C01735	0.561360234190298	0.762076034942852	0.0618400000000001	13.4539153846154	-0.833001225494354
C00380	0.566698217779587	0.767854455388372	0.0424000000000042	14.6386897435897	-0.819347429592905
C01586	0.589991238336151	0.796376006119139	0.0606599999999968	13.8317948717949	-0.761234564993973
C05598	0.589991238336151	0.796376006119139	0.0606599999999968	13.8317948717949	-0.761234564993973
C05498	0.592428568090341	0.798148545245051	0.0802199999999971	14.8078205128205	-0.755286882943062
C07322	0.598245910898861	0.802938746196959	0.0640200000000029	14.5020230769231	-0.741189464128346
C09642	0.598245910898861	0.802938746196959	0.0573199999999989	14.8381076923077	-0.741189464128346
C09817	0.601830683118383	0.806226009460475	-0.184559999999998	10.7062692307692	-0.732570433456566
C02592	0.610199713622631	0.81589792216962	0.0484800000000032	13.5740102564103	-0.712646592052581
C01967	0.611636137695798	0.816281311586497	-0.185540000000001	10.9930333333333	-0.709254445980823
C00141	0.61789370685911	0.819783209315012	0.0498800000000017	14.4685743589744	-0.694569414971917
C03273	0.61789370685911	0.819783209315012	0.0498800000000017	14.4685743589744	-0.694569414971917
C06255	0.61789370685911	0.819783209315012	0.0498800000000017	14.4685743589744	-0.694569414971917
C00187	0.623497088774798	0.819783209315012	0.161379999999994	15.2975282051282	-0.681545271031242
C01189	0.623497088774798	0.819783209315012	0.161379999999994	15.2975282051282	-0.681545271031242
C03091	0.623497088774798	0.819783209315012	0.161379999999994	15.2975282051282	-0.681545271031242
C03238	0.623497088774798	0.819783209315012	0.161379999999994	15.2975282051282	-0.681545271031242
C03845	0.623497088774798	0.819783209315012	0.161379999999994	15.2975282051282	-0.681545271031242
C00048	0.633950193443702	0.831986390656245	0.0523199999999981	11.2731384615385	-0.657558595996475
C05189	0.643418198793773	0.838060984127223	-0.0585000000000004	11.6805615384615	-0.636171352340582
C01251	0.644480700469667	0.838060984127223	0.0780600000000007	11.7291358974359	-0.633790938400661
C04593	0.644480700469667	0.838060984127223	0.0780600000000007	11.7291358974359	-0.633790938400661
C05849	0.644480700469667	0.838060984127223	-0.222259999999997	13.0013076923077	-0.633790938400661
C16241	0.644480700469667	0.838060984127223	0.0780600000000007	11.7291358974359	-0.633790938400661
C00097	0.652294184419401	0.841673121983231	0.0691399999999955	10.7984384615385	-0.61640532877101
C00793	0.652294184419401	0.841673121983231	0.0691399999999955	10.7984384615385	-0.61640532877101
C00128	0.663549742715437	0.841673121983231	0.0624799999999972	14.0506820512821	-0.591723474236955
C01796	0.665872591506065	0.841673121983231	-0.0635400000000015	12.6245564102564	-0.586681937390466
C02045	0.665872591506065	0.841673121983231	-0.0635400000000015	12.6245564102564	-0.586681937390466
C15587	0.665872591506065	0.841673121983231	-0.0635400000000015	12.6245564102564	-0.586681937390466
C00112	0.66978213228243	0.841673121983231	0.0416799999999977	12.8555487179487	-0.578236204974954
C00168	0.66978213228243	0.841673121983231	-0.05166	11.5440435897436	-0.578236204974954
C00383	0.66978213228243	0.841673121983231	-0.05166	11.5440435897436	-0.578236204974954
C00550	0.66978213228243	0.841673121983231	0.211800000000002	10.5978641025641	-0.578236204974954
C01146	0.66978213228243	0.841673121983231	-0.05166	11.5440435897436	-0.578236204974954
C01407	0.66978213228243	0.841673121983231	0.0669400000000024	12.9826	-0.578236204974954
C02678	0.66978213228243	0.841673121983231	0.0602199999999993	14.3370307692308	-0.578236204974954
C05139	0.66978213228243	0.841673121983231	0.0993000000000048	14.0939923076923	-0.578236204974954
C05291	0.66978213228243	0.841673121983231	0.0993000000000048	14.0939923076923	-0.578236204974954
C05294	0.66978213228243	0.841673121983231	0.0993000000000048	14.0939923076923	-0.578236204974954
C14497	0.66978213228243	0.841673121983231	0.0993000000000048	14.0939923076923	-0.578236204974954
C14552	0.66978213228243	0.841673121983231	0.0993000000000048	14.0939923076923	-0.578236204974954
C18045	0.66978213228243	0.841673121983231	0.0993000000000048	14.0939923076923	-0.578236204974954
C02528	0.693507638735063	0.857974187917329	-0.0694199999999991	11.3550230769231	-0.528016321488447
C04483	0.693507638735063	0.857974187917329	-0.0694199999999991	11.3550230769231	-0.528016321488447
C07880	0.693507638735063	0.857974187917329	-0.0694199999999991	11.3550230769231	-0.528016321488447
C15515	0.693507638735063	0.857974187917329	-0.0694199999999991	11.3550230769231	-0.528016321488447
C17646	0.693507638735063	0.857974187917329	-0.0694199999999991	11.3550230769231	-0.528016321488447
C17660	0.693507638735063	0.857974187917329	-0.0694199999999991	11.3550230769231	-0.528016321488447
C17661	0.693507638735063	0.857974187917329	-0.0694199999999991	11.3550230769231	-0.528016321488447
C17662	0.693507638735063	0.857974187917329	-0.0694199999999991	11.3550230769231	-0.528016321488447
C05463	0.694838250778119	0.857974187917329	-0.0567000000000029	11.1784282051282	-0.525250918431267
C05465	0.694838250778119	0.857974187917329	-0.0567000000000029	11.1784282051282	-0.525250918431267
C01346	0.702205901517624	0.864280073949263	-0.11524	11.2823974358974	-0.510033973840394
C03090	0.702379722068626	0.864280073949263	-0.0681199999999986	12.4348230769231	-0.509676900488646
C00565	0.704395512788536	0.8652609240136	0.0379399999999954	16.2686692307692	-0.50554237609068
C02367	0.705971726372363	0.86569935358269	0.0615200000000051	14.6489666666667	-0.502317689066796
C03415	0.72351962171248	0.884163393142618	0.0491600000000041	14.2291435897436	-0.466895951988788
C15767	0.72351962171248	0.884163393142618	0.0491600000000041	14.2291435897436	-0.466895951988788
C00773	0.725714748060634	0.884961614845813	0.056379999999999	13.8939666666667	-0.462525505931817
C05925	0.726940442451535	0.884961614845813	0.0526800000000023	12.6802948717949	-0.460090924552029
C10443	0.728159648162334	0.884961614845813	0.0448800000000062	14.3826794871795	-0.457673300560715
C03626	0.731061692907362	0.884961614845813	0.0433399999999988	15.9983435897436	-0.451934937278785
C03592	0.73111539848128	0.884961614845813	-0.101039999999999	11.2272102564103	-0.451828957277251
C06423	0.73289778806949	0.884961614845813	0.0790399999999956	13.2966692307692	-0.448316084696653
C07185	0.73289778806949	0.884961614845813	0.0790399999999956	13.2966692307692	-0.448316084696653
C05625	0.739446488303896	0.891353152284832	-0.17958	11.1307512820513	-0.435482347633263
C00449	0.745977729472821	0.893224546980779	0.0829599999999999	15.0255538461538	-0.422795534190649
C04300	0.75153114043886	0.893224546980779	-0.0829799999999992	11.2468512820513	-0.412095210005973
C11132	0.75153114043886	0.893224546980779	-0.0829799999999992	11.2468512820513	-0.412095210005973
C00086	0.758883019630629	0.893224546980779	0.0551799999999982	10.9957307692308	-0.39805058079558
C00136	0.758883019630629	0.893224546980779	-0.150259999999998	9.97356666666667	-0.39805058079558
C00182	0.758883019630629	0.893224546980779	0.0416400000000046	15.7087897435897	-0.39805058079558
C00630	0.758883019630629	0.893224546980779	-0.150259999999998	9.97356666666667	-0.39805058079558
C01613	0.758883019630629	0.893224546980779	0.0416400000000046	15.7087897435897	-0.39805058079558
C02052	0.758883019630629	0.893224546980779	0.0416400000000046	15.7087897435897	-0.39805058079558
C02530	0.758883019630629	0.893224546980779	0.1403	10.0205512820513	-0.39805058079558
C05570	0.758883019630629	0.893224546980779	-0.0370400000000011	11.2312205128205	-0.39805058079558
C08272	0.758883019630629	0.893224546980779	-0.0292200000000005	13.2713615384615	-0.39805058079558
C17335	0.758883019630629	0.893224546980779	0.0720199999999984	13.1799564102564	-0.39805058079558
C00233	0.762386021789228	0.893224546980779	0.0390999999999959	14.3942871794872	-0.39140642695146
C00902	0.762386021789228	0.893224546980779	0.0390999999999959	14.3942871794872	-0.39140642695146
C02122	0.762386021789228	0.893224546980779	0.0390999999999959	14.3942871794872	-0.39140642695146
C03465	0.762386021789228	0.893224546980779	0.0390999999999959	14.3942871794872	-0.39140642695146
C01222	0.769803785864731	0.898948499940722	-0.126079999999996	9.9741717948718	-0.377437328603716
C14830	0.769803785864731	0.898948499940722	-0.126079999999996	9.9741717948718	-0.377437328603716
C00329	0.777834614727269	0.903321670486517	-0.0628400000000031	15.1019871794872	-0.362464656741379
C09541	0.777834614727269	0.903321670486517	-0.0337200000000024	13.2563564102564	-0.362464656741379
C05951	0.779615725944189	0.903321670486517	0.0460199999999986	10.7606384615385	-0.359164902812761
C10437	0.784480539620202	0.903321670486517	0.0640799999999953	11.1444487179487	-0.350190435764932
C00416	0.78449761729773	0.903321670486517	0.0431799999999978	14.3932948717949	-0.350159029488724
C00588	0.791571359354717	0.903321670486517	0.0263000000000009	12.3889923076923	-0.337208681168466
C05594	0.791571359354717	0.903321670486517	0.0263000000000009	12.3889923076923	-0.337208681168466
C00089	0.802405580186299	0.903321670486517	-0.273140000000003	12.6934692307692	-0.317596455937384
C00208	0.802405580186299	0.903321670486517	-0.273140000000003	12.6934692307692	-0.317596455937384
C00243	0.802405580186299	0.903321670486517	-0.273140000000003	12.6934692307692	-0.317596455937384
C00252	0.802405580186299	0.903321670486517	-0.273140000000003	12.6934692307692	-0.317596455937384
C01083	0.802405580186299	0.903321670486517	-0.273140000000003	12.6934692307692	-0.317596455937384
C01235	0.802405580186299	0.903321670486517	-0.273140000000003	12.6934692307692	-0.317596455937384
C05400	0.802405580186299	0.903321670486517	-0.273140000000003	12.6934692307692	-0.317596455937384
C05402	0.802405580186299	0.903321670486517	-0.273140000000003	12.6934692307692	-0.317596455937384
C06422	0.802405580186299	0.903321670486517	-0.273140000000003	12.6934692307692	-0.317596455937384
C07064	0.802405580186299	0.903321670486517	-0.273140000000003	12.6934692307692	-0.317596455937384
C19632	0.802405580186299	0.903321670486517	-0.273140000000003	12.6934692307692	-0.317596455937384
C19636	0.802405580186299	0.903321670486517	-0.273140000000003	12.6934692307692	-0.317596455937384
C00072	0.802693703085531	0.903321670486517	0.0290399999999984	12.9830564102564	-0.317078514789836
C02670	0.802693703085531	0.903321670486517	0.0290399999999984	12.9830564102564	-0.317078514789836
C03564	0.802811231094355	0.903321670486517	0.0335399999999968	12.1211333333333	-0.316867295163923
C04322	0.802811231094355	0.903321670486517	0.0335399999999968	12.1211333333333	-0.316867295163923
C01054	0.806615879516425	0.904735030737222	-0.0466800000000003	11.1584205128205	-0.31004628711767
C01724	0.806615879516425	0.904735030737222	-0.0466800000000003	11.1584205128205	-0.31004628711767
C01959	0.818287898174703	0.911911858735753	0.0466000000000015	11.0879794871795	-0.289319579111289
C07188	0.826388184373246	0.911911858735753	0.0387800000000009	10.8553897435897	-0.275108468065786
C09816	0.826388184373246	0.911911858735753	0.0283600000000028	14.5408025641026	-0.275108468065786
C17467	0.826388184373246	0.911911858735753	0.0283600000000028	14.5408025641026	-0.275108468065786
C00020	0.829592928901941	0.911911858735753	0.0383400000000016	18.5869384615385	-0.269524497604087
C00362	0.829592928901941	0.911911858735753	0.0383400000000016	18.5869384615385	-0.269524497604087
C00946	0.829592928901941	0.911911858735753	0.0383400000000016	18.5869384615385	-0.269524497604087
C01367	0.829592928901941	0.911911858735753	0.0383400000000016	18.5869384615385	-0.269524497604087
C01762	0.829592928901941	0.911911858735753	-0.0213999999999981	11.8068871794872	-0.269524497604087
C00493	0.835809587789091	0.911911858735753	-0.0227000000000004	14.3934358974359	-0.258753786602205
C04236	0.835809587789091	0.911911858735753	-0.0227000000000004	14.3934358974359	-0.258753786602205
C04540	0.835809587789091	0.911911858735753	-0.0241599999999966	13.2682717948718	-0.258753786602205
C03691	0.837952128434835	0.911911858735753	-0.0510400000000004	11.5953769230769	-0.255060268674447
C00448	0.842763392852576	0.911911858735753	-0.0851000000000006	11.1656948717949	-0.246800445773734
C00882	0.843280201073658	0.911911858735753	-0.0846199999999993	10.0105153846154	-0.245916012318178
C08270	0.843280201073658	0.911911858735753	0.0236999999999998	13.6905282051282	-0.245916012318178
C00785	0.843839565055478	0.911911858735753	0.0880400000000012	13.3525692307692	-0.244959362187708
C01179	0.843839565055478	0.911911858735753	0.0308199999999985	13.2418153846154	-0.244959362187708
C01197	0.843839565055478	0.911911858735753	0.0308199999999985	13.2418153846154	-0.244959362187708
C01405	0.843839565055478	0.911911858735753	0.0308199999999985	13.2418153846154	-0.244959362187708
C01481	0.843839565055478	0.911911858735753	0.0308199999999985	13.2418153846154	-0.244959362187708
C05350	0.843839565055478	0.911911858735753	0.0308199999999985	13.2418153846154	-0.244959362187708
C08279	0.843839565055478	0.911911858735753	-0.021099999999997	13.9317205128205	-0.244959362187708
C19586	0.843839565055478	0.911911858735753	0.0239800000000034	12.7149153846154	-0.244959362187708
C12661	0.849499797344324	0.916633519930806	0.0395599999999998	13.2991282051282	-0.235314491645464
C00392	0.859008095526548	0.921292670428775	0.0142199999999963	13.8846179487179	-0.21925636710806
C00794	0.859008095526548	0.921292670428775	0.0142199999999963	13.8846179487179	-0.21925636710806
C01507	0.859008095526548	0.921292670428775	0.0142199999999963	13.8846179487179	-0.21925636710806
C01697	0.859008095526548	0.921292670428775	0.0142199999999963	13.8846179487179	-0.21925636710806
C01137	0.867404821929254	0.928895058174616	-0.0183200000000046	14.4956692307692	-0.20522263167933
C08277	0.870118471945623	0.930397763676796	0.020700000000005	14.2830256410256	-0.200716248808662
C01127	0.888907781601997	0.949059435996117	-0.0289999999999981	10.6545384615385	-0.169894338291724
C03145	0.904175646952736	0.963910974979644	-0.0165000000000024	14.6846794871795	-0.145325034224125
C02343	0.921674204839873	0.978159470009432	0.0386200000000017	11.5192102564103	-0.117671220723421
C02442	0.921674204839873	0.978159470009432	0.0386200000000017	11.5192102564103	-0.117671220723421
C03711	0.921674204839873	0.978159470009432	0.0386200000000017	11.5192102564103	-0.117671220723421
C02075	0.927036100509608	0.979822230817844	-0.0213799999999953	14.2907487179487	-0.109302573714996
C06428	0.927036100509608	0.979822230817844	-0.0213799999999953	14.2907487179487	-0.109302573714996
C00003	0.927381040999424	0.979822230817844	0.18642	9.68621538461538	-0.108765861743714
C00322	0.932971116221403	0.982158458678747	-0.0138000000000051	11.9664769230769	-0.100095677400011
C00846	0.932971116221403	0.982158458678747	-0.0138000000000051	11.9664769230769	-0.100095677400011
C00131	0.935256686377851	0.982158458678747	-0.0320399999999985	10.7524717948718	-0.0965657198961474
C01194	0.936508840176777	0.982158458678747	0.0212599999999981	10.8321564102564	-0.0946354820324934
C02335	0.936508840176777	0.982158458678747	-0.0433800000000026	9.98580512820513	-0.0946354820324934
D02527	0.954474291654129	0.989127191456014	0.0479800000000026	11.1919307692308	-0.067221755092183
C00009	0.974851111192346	0.989127191456014	0.0147799999999982	18.9923051282051	-0.03674620171422
C01261	0.974851111192346	0.989127191456014	-0.0288199999999996	10.2540307692308	-0.03674620171422
C07119	0.974851111192346	0.989127191456014	-0.0236000000000036	14.7671871794872	-0.03674620171422
C08309	0.974851111192346	0.989127191456014	-0.00701999999999714	12.6996128205128	-0.03674620171422
C00352	0.97749838644266	0.989127191456014	-0.00443999999999889	14.0146666666667	-0.032833773923223
C03972	0.97749838644266	0.989127191456014	-0.00443999999999711	11.8629974358974	-0.032833773923223
C04742	0.97749838644266	0.989127191456014	-0.0143600000000017	14.8367153846154	-0.032833773923223
C04805	0.97749838644266	0.989127191456014	-0.0143600000000017	14.8367153846154	-0.032833773923223
C06577	0.97749838644266	0.989127191456014	-0.00505999999999496	14.5625051282051	-0.032833773923223
C06999	0.97749838644266	0.989127191456014	0.00709999999999766	11.0367692307692	-0.032833773923223
C11695	0.97749838644266	0.989127191456014	0.00684000000000218	12.8027307692308	-0.032833773923223
C14748	0.97749838644266	0.989127191456014	-0.0143600000000017	14.8367153846154	-0.032833773923223
C14749	0.97749838644266	0.989127191456014	-0.0143600000000017	14.8367153846154	-0.032833773923223
C14768	0.97749838644266	0.989127191456014	-0.0143600000000017	14.8367153846154	-0.032833773923223
C14769	0.97749838644266	0.989127191456014	-0.0143600000000017	14.8367153846154	-0.032833773923223
C14770	0.97749838644266	0.989127191456014	-0.0143600000000017	14.8367153846154	-0.032833773923223
C14771	0.97749838644266	0.989127191456014	-0.0143600000000017	14.8367153846154	-0.032833773923223
C14776	0.97749838644266	0.989127191456014	-0.0143600000000017	14.8367153846154	-0.032833773923223
C14778	0.97749838644266	0.989127191456014	-0.0143600000000017	14.8367153846154	-0.032833773923223
C14780	0.97749838644266	0.989127191456014	-0.0143600000000017	14.8367153846154	-0.032833773923223
C05983	0.978805207597704	0.989127191456014	-0.0271400000000011	9.3931	-0.0309063177902513
C00909	0.98099110494226	0.989127191456014	0.00421999999999478	14.2416102564103	-0.0276880399044896
C04577	0.98099110494226	0.989127191456014	0.00421999999999478	14.2416102564103	-0.0276880399044896
C13843	0.98099110494226	0.989127191456014	0.00421999999999478	14.2416102564103	-0.0276880399044896
C14665	0.98099110494226	0.989127191456014	0.00421999999999478	14.2416102564103	-0.0276880399044896
C14732	0.98099110494226	0.989127191456014	0.00421999999999478	14.2416102564103	-0.0276880399044896
C05283	0.982161507009141	0.989127191456014	-0.00319999999999787	11.8815153846154	-0.0259678135221786
C05260	0.985102889971869	0.990684209461795	-0.00177999999999834	14.6264897435897	-0.0216536788462805
C04700	0.994922826287649	0.996326102488337	0.000880000000002212	13.9542102564103	-0.00734347119097169
C15497	0.994922826287649	0.996326102488337	-0.00141999999999953	14.0675923076923	-0.00734347119097169
C18043	0.994922826287649	0.996326102488337	0.00254000000000332	10.7786974358974	-0.00734347119097169
C08596	0.997619107261665	0.997619107261665	0.000659999999999883	11.7490948717949	-0.00343899771530462
